{
    "MAE": 1.0502933899530846,
    "MAPE": 0.1046698565024412
}