{
    "MAE": 0.14847303761508437,
    "MAPE": 0.01348388057054969,
    "MSE": 0.03115941222273367
}